1,MTurner9916@Yahoo.com,MTurner,Maverick Turner,4/28/2022 2:56:39 PM,4/28/2022 2:56:39 PM
2,MMaggio4991@Gmail.com,MMaggio,Mckenna Maggio,4/28/2022 2:56:39 PM,4/28/2022 2:56:39 PM
3,JLemke3349@Yahoo.com,JLemke,Jo Lemke,4/28/2022 2:56:39 PM,4/28/2022 2:56:39 PM
4,JWaelchi281@Yahoo.com,JWaelchi,Josiane Waelchi,4/28/2022 2:56:39 PM,4/28/2022 2:56:39 PM
5,ALueilwitz5676@Hotmail.com,ALueilwitz,Arden Lueilwitz,4/28/2022 2:56:39 PM,4/28/2022 2:56:39 PM
6,DGrant4515@Yahoo.com,DGrant,Devonte Grant,4/28/2022 2:56:39 PM,4/28/2022 2:56:39 PM
7,WRuecker8285@Yahoo.com,WRuecker,Wilford Ruecker,4/28/2022 2:56:39 PM,4/28/2022 2:56:39 PM
8,JHeathcote6532@KSU.com,JHeathcote,Jillian Heathcote,4/28/2022 2:56:39 PM,4/28/2022 2:56:39 PM
9,MHodkiewicz1704@Hotmail.com,MHodkiewicz,Maximillia Hodkiewicz,4/28/2022 2:56:39 PM,4/28/2022 2:56:39 PM
10,PKonopelski2006@Hotmail.com,PKonopelski,Philip Konopelski,4/28/2022 2:56:39 PM,4/28/2022 2:56:39 PM
11,LO'Kon3899@Gmail.com,LO'Kon,Lizeth O'Kon,4/28/2022 2:56:39 PM,4/28/2022 2:56:39 PM
12,VDavis8193@KSU.com,VDavis,Verlie Davis,4/28/2022 2:56:39 PM,4/28/2022 2:56:39 PM
13,ACummerata2465@Hotmail.com,ACummerata,Andreane Cummerata,4/28/2022 2:56:39 PM,4/28/2022 2:56:39 PM
14,GCremin4271@Gmail.com,GCremin,Golden Cremin,4/28/2022 2:56:39 PM,4/28/2022 2:56:39 PM
15,ALang9270@Gmail.com,ALang,Angel Lang,4/28/2022 2:56:39 PM,4/28/2022 2:56:39 PM
16,CVolkman2362@Hotmail.com,CVolkman,Chris Volkman,4/28/2022 2:56:39 PM,4/28/2022 2:56:39 PM
17,OWilderman2596@ICloud.com,OWilderman,Oda Wilderman,4/28/2022 2:56:39 PM,4/28/2022 2:56:39 PM
18,MFahey2188@Yahoo.com,MFahey,Maverick Fahey,4/28/2022 2:56:39 PM,4/28/2022 2:56:39 PM
19,JAltenwerth7988@Gmail.com,JAltenwerth,Joey Altenwerth,4/28/2022 2:56:39 PM,4/28/2022 2:56:39 PM
20,CAbshire8970@ICloud.com,CAbshire,Camren Abshire,4/28/2022 2:56:39 PM,4/28/2022 2:56:39 PM
21,TPagac5858@Gmail.com,TPagac,Tamara Pagac,4/28/2022 2:56:39 PM,4/28/2022 2:56:39 PM
22,CRussel896@Yahoo.com,CRussel,Carrie Russel,4/28/2022 2:56:39 PM,4/28/2022 2:56:39 PM
23,JMoore1574@ICloud.com,JMoore,Jordyn Moore,4/28/2022 2:56:39 PM,4/28/2022 2:56:39 PM
24,LMonahan4178@ICloud.com,LMonahan,Larue Monahan,4/28/2022 2:56:39 PM,4/28/2022 2:56:39 PM
25,NRuecker3020@Yahoo.com,NRuecker,Napoleon Ruecker,4/28/2022 2:56:39 PM,4/28/2022 2:56:39 PM
26,MGerlach7781@ICloud.com,MGerlach,Maude Gerlach,4/28/2022 2:56:39 PM,4/28/2022 2:56:39 PM
27,TTorphy7333@KSU.com,TTorphy,Terry Torphy,4/28/2022 2:56:39 PM,4/28/2022 2:56:39 PM
28,MBogisich5342@KSU.com,MBogisich,Matt Bogisich,4/28/2022 2:56:39 PM,4/28/2022 2:56:39 PM
29,NDuBuque2009@Hotmail.com,NDuBuque,Nico DuBuque,4/28/2022 2:56:39 PM,4/28/2022 2:56:39 PM
30,LWard8291@KSU.com,LWard,Lucienne Ward,4/28/2022 2:56:39 PM,4/28/2022 2:56:39 PM
31,HO'Reilly2066@Yahoo.com,HO'Reilly,Hulda O'Reilly,4/28/2022 2:56:39 PM,4/28/2022 2:56:39 PM
32,BMarvin8196@Yahoo.com,BMarvin,Bianka Marvin,4/28/2022 2:56:39 PM,4/28/2022 2:56:39 PM
33,KAbernathy8495@Yahoo.com,KAbernathy,Kurtis Abernathy,4/28/2022 2:56:39 PM,4/28/2022 2:56:39 PM
34,GTreutel9057@KSU.com,GTreutel,Granville Treutel,4/28/2022 2:56:39 PM,4/28/2022 2:56:39 PM
35,FFlatley1693@Yahoo.com,FFlatley,Floy Flatley,4/28/2022 2:56:39 PM,4/28/2022 2:56:39 PM
36,JHoeger7245@KSU.com,JHoeger,Jeffrey Hoeger,4/28/2022 2:56:39 PM,4/28/2022 2:56:39 PM
37,VHilll8464@Yahoo.com,VHilll,Vergie Hilll,4/28/2022 2:56:39 PM,4/28/2022 2:56:39 PM
38,OCormier4303@Gmail.com,OCormier,Octavia Cormier,4/28/2022 2:56:39 PM,4/28/2022 2:56:39 PM
39,KBlock6929@KSU.com,KBlock,Kieran Block,4/28/2022 2:56:39 PM,4/28/2022 2:56:39 PM
40,MCole69@ICloud.com,MCole,Madalyn Cole,4/28/2022 2:56:39 PM,4/28/2022 2:56:39 PM
41,HMonahan9254@Yahoo.com,HMonahan,Houston Monahan,4/28/2022 2:56:39 PM,4/28/2022 2:56:39 PM
42,LOrtiz9460@KSU.com,LOrtiz,Leonora Ortiz,4/28/2022 2:56:39 PM,4/28/2022 2:56:39 PM
43,RHackett1048@Gmail.com,RHackett,Rhea Hackett,4/28/2022 2:56:39 PM,4/28/2022 2:56:39 PM
44,APrice2252@Hotmail.com,APrice,Agustin Price,4/28/2022 2:56:39 PM,4/28/2022 2:56:39 PM
45,SGlover6815@Gmail.com,SGlover,Susanna Glover,4/28/2022 2:56:39 PM,4/28/2022 2:56:39 PM
46,ZStroman2868@ICloud.com,ZStroman,Zane Stroman,4/28/2022 2:56:39 PM,4/28/2022 2:56:39 PM
47,DBashirian5926@Hotmail.com,DBashirian,Dudley Bashirian,4/28/2022 2:56:39 PM,4/28/2022 2:56:39 PM
48,WSchaefer4424@Yahoo.com,WSchaefer,Wilhelmine Schaefer,4/28/2022 2:56:39 PM,4/28/2022 2:56:39 PM
49,DBlick7949@Hotmail.com,DBlick,Devin Blick,4/28/2022 2:56:39 PM,4/28/2022 2:56:39 PM
50,MMayert6560@Gmail.com,MMayert,Meagan Mayert,4/28/2022 2:56:39 PM,4/28/2022 2:56:39 PM
51,JBeahan3227@Gmail.com,JBeahan,Jocelyn Beahan,4/28/2022 2:56:39 PM,4/28/2022 2:56:39 PM
52,EZemlak7339@Hotmail.com,EZemlak,Euna Zemlak,4/28/2022 2:56:39 PM,4/28/2022 2:56:39 PM
53,BSchroeder1356@KSU.com,BSchroeder,Beryl Schroeder,4/28/2022 2:56:39 PM,4/28/2022 2:56:39 PM
54,AStehr9840@ICloud.com,AStehr,Arnulfo Stehr,4/28/2022 2:56:39 PM,4/28/2022 2:56:39 PM
55,CKris594@KSU.com,CKris,Chaya Kris,4/28/2022 2:56:39 PM,4/28/2022 2:56:39 PM
56,BHuel498@Yahoo.com,BHuel,Bernita Huel,4/28/2022 2:56:39 PM,4/28/2022 2:56:39 PM
57,JRobel9613@Hotmail.com,JRobel,Jaylon Robel,4/28/2022 2:56:39 PM,4/28/2022 2:56:39 PM
58,OConsidine1450@Gmail.com,OConsidine,Oswaldo Considine,4/28/2022 2:56:39 PM,4/28/2022 2:56:39 PM
59,UShanahan2489@KSU.com,UShanahan,Unique Shanahan,4/28/2022 2:56:39 PM,4/28/2022 2:56:39 PM
60,MLangworth6564@ICloud.com,MLangworth,Marlee Langworth,4/28/2022 2:56:39 PM,4/28/2022 2:56:39 PM
61,PToy9840@KSU.com,PToy,Pasquale Toy,4/28/2022 2:56:39 PM,4/28/2022 2:56:39 PM
62,BReichel5949@Hotmail.com,BReichel,Brody Reichel,4/28/2022 2:56:39 PM,4/28/2022 2:56:39 PM
63,CLegros8707@Yahoo.com,CLegros,Camylle Legros,4/28/2022 2:56:39 PM,4/28/2022 2:56:39 PM
64,AZiemann7785@Yahoo.com,AZiemann,Alysha Ziemann,4/28/2022 2:56:39 PM,4/28/2022 2:56:39 PM
65,NReichert4652@KSU.com,NReichert,Nakia Reichert,4/28/2022 2:56:39 PM,4/28/2022 2:56:39 PM
66,ADicki5323@Yahoo.com,ADicki,Anais Dicki,4/28/2022 2:56:39 PM,4/28/2022 2:56:39 PM
67,CPowlowski9349@KSU.com,CPowlowski,Cristobal Powlowski,4/28/2022 2:56:39 PM,4/28/2022 2:56:39 PM
68,KSchmidt929@ICloud.com,KSchmidt,Kian Schmidt,4/28/2022 2:56:39 PM,4/28/2022 2:56:39 PM
69,DYundt9086@Hotmail.com,DYundt,Doug Yundt,4/28/2022 2:56:39 PM,4/28/2022 2:56:39 PM
70,MFranecki955@Hotmail.com,MFranecki,Malvina Franecki,4/28/2022 2:56:39 PM,4/28/2022 2:56:39 PM
71,NRoob3063@ICloud.com,NRoob,Nia Roob,4/28/2022 2:56:39 PM,4/28/2022 2:56:39 PM
72,RCorkery2906@Gmail.com,RCorkery,Reagan Corkery,4/28/2022 2:56:39 PM,4/28/2022 2:56:39 PM
73,FSenger5014@Yahoo.com,FSenger,Filomena Senger,4/28/2022 2:56:39 PM,4/28/2022 2:56:39 PM
74,OLindgren8595@Yahoo.com,OLindgren,Oma Lindgren,4/28/2022 2:56:39 PM,4/28/2022 2:56:39 PM
75,GReilly7387@ICloud.com,GReilly,Garnett Reilly,4/28/2022 2:56:39 PM,4/28/2022 2:56:39 PM
76,FWolf8557@KSU.com,FWolf,Florine Wolf,4/28/2022 2:56:39 PM,4/28/2022 2:56:39 PM
77,DLubowitz6700@Hotmail.com,DLubowitz,Dylan Lubowitz,4/28/2022 2:56:39 PM,4/28/2022 2:56:39 PM
78,AHartmann9244@KSU.com,AHartmann,Armani Hartmann,4/28/2022 2:56:39 PM,4/28/2022 2:56:39 PM
79,ECarroll387@Hotmail.com,ECarroll,Ezra Carroll,4/28/2022 2:56:39 PM,4/28/2022 2:56:39 PM
80,SWuckert8852@Yahoo.com,SWuckert,Sofia Wuckert,4/28/2022 2:56:39 PM,4/28/2022 2:56:39 PM
81,FVeum8332@KSU.com,FVeum,Frances Veum,4/28/2022 2:56:39 PM,4/28/2022 2:56:39 PM
82,EQuitzon8962@Gmail.com,EQuitzon,Ervin Quitzon,4/28/2022 2:56:39 PM,4/28/2022 2:56:39 PM
83,CKutch2817@Gmail.com,CKutch,Cruz Kutch,4/28/2022 2:56:39 PM,4/28/2022 2:56:39 PM
84,PStanton3036@Hotmail.com,PStanton,Presley Stanton,4/28/2022 2:56:39 PM,4/28/2022 2:56:39 PM
85,MJenkins1656@Yahoo.com,MJenkins,Marlee Jenkins,4/28/2022 2:56:39 PM,4/28/2022 2:56:39 PM
86,BJacobi9207@ICloud.com,BJacobi,Bertha Jacobi,4/28/2022 2:56:39 PM,4/28/2022 2:56:39 PM
87,USchultz7337@Yahoo.com,USchultz,Ubaldo Schultz,4/28/2022 2:56:39 PM,4/28/2022 2:56:39 PM
88,UBalistreri4931@KSU.com,UBalistreri,Ursula Balistreri,4/28/2022 2:56:39 PM,4/28/2022 2:56:39 PM
89,RVon1784@KSU.com,RVon,Rocio Von,4/28/2022 2:56:39 PM,4/28/2022 2:56:39 PM
90,MAnkunding3530@Yahoo.com,MAnkunding,Mose Ankunding,4/28/2022 2:56:39 PM,4/28/2022 2:56:39 PM
91,GHermann7110@KSU.com,GHermann,Greyson Hermann,4/28/2022 2:56:39 PM,4/28/2022 2:56:39 PM
92,TWolff9217@Yahoo.com,TWolff,Tierra Wolff,4/28/2022 2:56:39 PM,4/28/2022 2:56:39 PM
93,ZFranecki500@Hotmail.com,ZFranecki,Zoey Franecki,4/28/2022 2:56:39 PM,4/28/2022 2:56:39 PM
94,KHilll7681@KSU.com,KHilll,Kade Hilll,4/28/2022 2:56:39 PM,4/28/2022 2:56:39 PM
95,DHoppe947@ICloud.com,DHoppe,Daija Hoppe,4/28/2022 2:56:39 PM,4/28/2022 2:56:39 PM
96,MKoss322@Gmail.com,MKoss,Merl Koss,4/28/2022 2:56:39 PM,4/28/2022 2:56:39 PM
97,RAltenwerth7453@Yahoo.com,RAltenwerth,Ralph Altenwerth,4/28/2022 2:56:39 PM,4/28/2022 2:56:39 PM
98,SSwaniawski7846@Yahoo.com,SSwaniawski,Sylvester Swaniawski,4/28/2022 2:56:39 PM,4/28/2022 2:56:39 PM
99,KSchimmel6212@Hotmail.com,KSchimmel,Kayla Schimmel,4/28/2022 2:56:39 PM,4/28/2022 2:56:39 PM
100,TSchaefer8629@Yahoo.com,TSchaefer,Thomas Schaefer,4/28/2022 2:56:39 PM,4/28/2022 2:56:39 PM
